дата операции;номер заказа в Assist;сумма платежа;сумма платежа за вычетом комиссии банка-эквайра (BYN);комиссия банка-эквайра (BYN);OrderNumber;OrderState;OrderDate;CustomerName;MeanNumber;CardHolder;BankCountry;Bank;RRN
091220;5461872749749465;27.00;26.74;0.26;16331544;Approved;08.12.2020 22:21:32;Черноокий Эдуард;516052******4843;INA CHARNAVOKAYA;Беларусь;BELVNESHECONOMBANK;034350118238
091220;5461872749768838;36.00;35.66;0.34;16331577;Approved;09.12.2020 03:15:09;Куницкая Ольга;434485******4470;VOLHA KUNITSKAYA;Беларусь;BELINVEST;034450118243
091220;5461872749769174;54.00;53.49;0.51;16331578;Approved;09.12.2020 03:17:49;Ницинский Андрей;535104******7889;ANDREI NITSYNSKI;Беларусь;MINSK TRANSIT BANK;034450118246
091220;5461872749772145;34.00;33.68;0.32;16331593;Approved;09.12.2020 03:43:38;Каневский Алексей;463903******9645;ROMAN VECHER;Беларусь;BPS-SBERBANK;034450118249
091220;5461872749774265;34.00;33.74;0.26;16331601;Approved;09.12.2020 03:54:21;Яцкевич Даниил;425519******9960;DANIIL YATSKEVICH;Беларусь;BELARUSBANK;034450118252
091220;5461872749778811;29.99;29.71;0.28;16331617;Approved;09.12.2020 04:13:56;Евлашкин Дмитрий;434485******7877;DZMITRY YEULASHKIN;Беларусь;BELINVEST;034450118255
091220;5461872749780965;17.00;16.84;0.16;16331636;Approved;09.12.2020 04:22:59;иванчиков николай;532308******2470;MIKALAI IVANCHYKAU;Беларусь;BELAGROPROMBANK;034450118258
091220;5461872749784041;50.00;49.52;0.48;16331651;Approved;09.12.2020 04:34:00;Курлович Женя;543553******0956;YAUHEN KURLOVICH;Беларусь;BPS-SBERBANK;034450118261
091220;5461872749789198;36.00;35.66;0.34;16331692;Approved;09.12.2020 04:52:01;Порманчук Павел;522208******5359;PAVEL PORMANCHUK;Беларусь;BELAGROPROMBANK;034450118264
091220;5461872749793323;9.00;8.91;0.09;16331729;Approved;09.12.2020 05:05:02;Кочетков Евгений;428622******2436;EUGENE KOCHETKOV;Беларусь;BELGAZPROMBANK;034450118267
091220;5461872749793380;90.00;89.14;0.86;16331730;Approved;09.12.2020 05:05:09;ТИШКОВ АНДРЕЙ;532658******9347;ANDREI TSISHKOU;Беларусь;PRIORBANK;034450118268
091220;5461872749793513;18.00;17.83;0.17;16331731;Approved;09.12.2020 05:05:29;Никитин Илья;460257******3314;NIKITSIN ILUA;Беларусь;BPS-SBERBANK;034450118269
091220;5461872749795005;36.00;35.66;0.34;16331742;Approved;09.12.2020 05:10:25;Artyushkevich Anna;437350******1048;ANNA ARTYUSHKEVICH;Беларусь;ALFA-BANK (BELARUS);034450118278
091220;5461872749798660;10.00;9.92;0.08;16331774;Approved;09.12.2020 05:21:57;Скиба Сергей;547087******9796;INSTANT CARD;Беларусь;BELARUSBANK;034450118281
091220;5461872749799494;18.00;17.83;0.17;16331783;Approved;09.12.2020 05:24:41;КУХАРЧУК ДМИТРИЙ;432037******4261;DZMITRY KUKHARCHUK;Беларусь;BELAGROPROMBANK;034450118284
091220;5461872749801225;17.00;16.84;0.16;16331800;Approved;09.12.2020 05:29:50;Кривицкий Виталий;532308******1612;VITAL KRYVITSKI;Беларусь;BELAGROPROMBANK;034450118287
091220;5461872749804286;18.00;17.83;0.17;16331826;Approved;09.12.2020 05:39:51;Бабарико Денис;434485******6597;DZIANIS BABARYKA;Беларусь;BELINVEST;034450118290
091220;5461872749804443;54.52;54.00;0.52;16331827;Approved;09.12.2020 05:40:20;Ермолаев Евгений;535104******6972;YAUHEN YERMALAYEU;Беларусь;MINSK TRANSIT BANK;034450118291
091220;5461872749807388;18.00;17.86;0.14;16331862;Approved;09.12.2020 05:49:06;Гребнева Валентина;553608******1452;VALIANTSINA HREBNEVA;Беларусь;BELARUSBANK;034450118297
091220;5461872749808675;63.00;62.40;0.60;16331877;Approved;09.12.2020 05:53:40;Быков Алексей;535104******0542;ALIAKSEI BYKAU;Беларусь;MINSK TRANSIT BANK;034450118301
091220;5461872749809319;54.00;53.49;0.51;16331881;Approved;09.12.2020 05:56:05;Михайлов Андрей;535104******8076;ANDREI MIKHAILAU;Беларусь;MINSK TRANSIT BANK;034450118305
091220;5461872749809921;16.93;16.77;0.16;16331893;Approved;09.12.2020 05:58:13;Смирнова Тамара;548952******8587;TAMARA SMIRNOVA;Беларусь;PRIORBANK;034450118309
091220;5461872749810382;49.91;49.44;0.47;16331898;Approved;09.12.2020 05:59:37;Подлобко Дмитрий;491698******0107;DMITRIY PODLOBKO;Беларусь;PRIORBANK;034450118312
091220;5461872749811471;72.00;71.32;0.68;16331907;Approved;09.12.2020 06:02:37;Морозов Артем;491698******0117;ARTIOM MOROZOV;Беларусь;PRIORBANK;034450118313
091220;5461872749812313;20.00;19.85;0.15;16331917;Approved;09.12.2020 06:05:44;луцевич иван;425520******2471;IVAN LUTSEVICH;Беларусь;BELARUSBANK;034450118314
091220;5461872749819292;50.00;49.62;0.38;16331996;Approved;09.12.2020 06:28:55;Даньков Андрей;553608******0512;ANDREY DANKOV;Беларусь;BELARUSBANK;034450118323
091220;5461872749823138;18.00;17.86;0.14;16332036;Approved;09.12.2020 06:41:03;Некало Владимир;553608******5631;ULADZIMIR NEKALA;Беларусь;BELARUSBANK;034450118326
091220;5461872749827840;50.00;49.62;0.38;16332076;Approved;09.12.2020 06:57:12;Крупень Александр;547087******2271;ALEXANDR KRUPEN;Беларусь;BELARUSBANK;034450118329
091220;5461872749828210;25.50;25.31;0.19;16332080;Approved;09.12.2020 06:58:13;Цветкова Вероника;424641******5764;VERANIKA TSVIATKOVA;Беларусь;BELARUSBANK;034450118330
091220;5461872749833707;59.99;59.42;0.57;16332140;Approved;09.12.2020 07:13:40;Севитов Юрий;518707******5543;LTD INSTINCT;Беларусь;BELGAZPROMBANK;034450118337
091220;5461872749834648;20.00;19.85;0.15;16332154;Approved;09.12.2020 07:16:53;Кравченко Ирина;425520******4461;IRYNA KRAUCHANKA;Беларусь;BELARUSBANK;034450118340
091220;5461872749834739;75.60;74.88;0.72;16332156;Approved;09.12.2020 07:17:08;Карпович Валерий;535104******7774;VALERY KARPOVICH;Беларусь;MINSK TRANSIT BANK;034450118341
091220;5461872749834747;47.00;46.55;0.45;16332155;Approved;09.12.2020 07:17:08;Николайчик Александр;539214******9259;ALIAKSANDR NIKALAICHYK;Беларусь;ALFA-BANK (BELARUS);034450118342
091220;5461872749835215;18.00;17.83;0.17;16332159;Approved;09.12.2020 07:18:20;Кондратьев сергей;544650******3718;SERGEY KONDRATIEV;Беларусь;ALFA-BANK (BELARUS);034450118345
091220;5461872749836452;29.99;29.71;0.28;16332174;Approved;09.12.2020 07:21:36;Барановская Дарья;532308******5749;DARYA TS;Беларусь;BELAGROPROMBANK;034450118352
091220;5461872749836924;18.00;17.83;0.17;16332180;Approved;09.12.2020 07:22:54;Косинский Николай;432037******5004;MIKALAI KASINSKI;Беларусь;BELAGROPROMBANK;034450118353
091220;5461872749837690;54.00;53.49;0.51;16332186;Approved;09.12.2020 07:24:47;Куцко Андрей;445987******4586;ANDREI KUTSKO;Беларусь;PRIORBANK;034450118356
091220;5461872749845966;18.00;17.83;0.17;16332248;Approved;09.12.2020 07:48:52;Павлов Валерий;529922******2894;VALERY PAULAU;Беларусь;BELGAZPROMBANK;034450118365
091220;5461872749854182;81.16;80.39;0.77;16332297;PartialDelayed;09.12.2020 08:11:51;Станюленис Юрий;535104******3866;AKDANA STANIULENIS;Беларусь;MINSK TRANSIT BANK;034450118368
091220;5461872749854513;18.00;17.86;0.14;16332300;Approved;09.12.2020 08:12:43;МАКАРЕНКО АЛЕКСАНДР;676339******1556;ALIAKSANDR MAKARANKA;Беларусь;BELARUSBANK;034450118369
091220;5461872749855155;45.00;44.57;0.43;16332303;Approved;09.12.2020 08:14:28;Гурин Павел;535104******8834;PAVEL HURYN;Беларусь;MINSK TRANSIT BANK;034450118374
091220;5461872749855890;34.00;33.68;0.32;16332308;Approved;09.12.2020 08:16:17;Цикунов Вадим;445987******2100;VADZIM TSIKUNOU;Беларусь;PRIORBANK;034450118375
091220;5461872749856203;9.99;9.92;0.07;16332310;Approved;09.12.2020 08:17:00;Гриневич Сергей;671177******8825;SIARHEI HRYNEVICH;Беларусь;BELARUSBANK;034450118376
091220;5461872749856310;50.00;49.52;0.48;16332312;Approved;09.12.2020 08:17:21;Pleshanov Sergey;548952******7449;SIARHEI PLIASHANAU;Беларусь;PRIORBANK;034450118379
091220;5461872749856948;90.00;89.14;0.86;16332319;Approved;09.12.2020 08:18:56;Терехов Александр;449655******0792;ALIAKSANDRA TSERAKHAVA;Беларусь;BPS-SBERBANK;034450118384
091220;5461872749858746;42.21;41.89;0.32;16332333;PartialDelayed;09.12.2020 08:24:18;Вишняков Николай;553608******6705;NIKOLAY VISHNYAKOV;Беларусь;BELARUSBANK;034450118389
091220;5461872749859777;54.00;53.59;0.41;16332342;Approved;09.12.2020 08:27:21;Слобода Анна;425519******5562;NATALLIA SLABADA;Беларусь;BELARUSBANK;034450118392
091220;5461872749861070;9.99;9.90;0.09;16332358;Approved;09.12.2020 08:30:25;Иванцова Ольга;548952******7892;VOLHA IVANTSOVA;Беларусь;PRIORBANK;034450118395
091220;5461872749866392;71.60;70.92;0.68;16332404;PartialDelayed;09.12.2020 08:45:30;Каржанов Андрей;437350******9799;ANDREY KARZHANOV;Беларусь;ALFA-BANK (BELARUS);034450118398
091220;5461872749889931;5.00;4.95;0.05;16332586;Approved;09.12.2020 09:44:49;Коляда Владимир;434485******7180;ULADZIMIR KALIADA;Беларусь;BELINVEST;034450118401
091220;5461872749889949;18.00;17.83;0.17;16332587;Approved;09.12.2020 09:44:53;ЛЯХ ЕВГЕНИЙ;475787******2021;YAUHEN LIAKH;Беларусь;IDEA BANK;034450118402
091220;5461872749890145;86.31;85.49;0.82;16332589;PartialDelayed;09.12.2020 09:45:21;Aleksey iPlatov;512722******1823;N/A;Беларусь;MOSCOW-MINSK BANK;034450118403
091220;5461872749890285;36.00;35.73;0.27;16332592;Approved;09.12.2020 09:45:44;Кондратьев Валерий;553608******6162;VALERY KANDRATSYEU;Беларусь;BELARUSBANK;034450118406
091220;5461872749891762;54.00;53.49;0.51;16332607;Approved;09.12.2020 09:49:22;Сарнавский Александр;445453******1462;ALIAKSANDR SARNAUSKI;Беларусь;VTB (BELARUS);034450118414
091220;5461872749892620;18.00;17.83;0.17;16332615;Approved;09.12.2020 09:51:34;АФАНАСЬЕВ ЕВГЕНИЙ;535104******1958;YAUHEN AFANASYEU;Беларусь;MINSK TRANSIT BANK;034450118417
091220;5461872749894386;18.00;17.83;0.17;16332627;Approved;09.12.2020 09:55:45;Томкунас Валерий;450040******7090;VALERY TAMKUNAS;Беларусь;BNB-BANK;034450118420
091220;5461872749898924;49.86;49.49;0.37;16332677;Approved;09.12.2020 10:06:30;Белько Сергей;547087******4433;SIARHEI BIALKO;Беларусь;BELARUSBANK;034450118423
091220;5461872749899013;18.00;17.83;0.17;16332679;Approved;09.12.2020 10:06:48;Рябцев Дмитрий;532308******5361;DZMITRY RABTSAU;Беларусь;BELAGROPROMBANK;034450118424
091220;5461872749900662;36.00;35.66;0.34;16332698;Approved;09.12.2020 10:11:21;Лисогир Иван;434486******1733;IVAN LISAHIR;Беларусь;BELINVEST;034450118429
091220;5461872749902734;17.00;16.84;0.16;16332721;Approved;09.12.2020 10:16:34;Дуров Павел;491698******1194;PAVEL DURAU;Беларусь;PRIORBANK;034450118432
091220;5461872749903153;13.00;12.88;0.12;16332725;Approved;09.12.2020 10:17:32;Клачкевич Иван;432037******8952;IVAN KLACHKEVICH;Беларусь;BELAGROPROMBANK;034450118435
091220;5461872749907048;9.99;9.90;0.09;16332760;Approved;09.12.2020 10:26:28;Кислый Сергей;434485******8623;SIARHEY KISLY;Беларусь;BELINVEST;034450118438
091220;5461872749913277;51.00;50.52;0.48;16332820;Approved;09.12.2020 10:40:47;Ринг Игорь;535104******4526;IHAR RINH;Беларусь;MINSK TRANSIT BANK;034450118441
091220;5461872749916619;17.00;16.87;0.13;16332847;Approved;09.12.2020 10:48:25;Горбадей Ольга;424641******6481;VOLHA HARBADZEI;Беларусь;BELARUSBANK;034450118444
091220;5461872749920652;36.00;35.73;0.27;16332880;Approved;09.12.2020 10:59:29;Васильченко Анастасия;547087******2430;INSTANT CARD;Беларусь;BELARUSBANK;034450118447
091220;5461872749924936;90.00;89.32;0.68;16332917;Approved;09.12.2020 11:09:26;Валюш Александр;547087******3473;ALIAKSANDAR VALIUSH;Беларусь;BELARUSBANK;034450118450
091220;5461872749927657;32.40;32.09;0.31;16332935;Approved;09.12.2020 11:17:01;Пацукевич Денис;535104******0255;MASTERCARD AUTOCARD;Беларусь;MINSK TRANSIT BANK;034450118455
091220;5461872749927897;14.99;14.88;0.11;16332939;Approved;09.12.2020 11:17:27;епихов никита;425519******3101;SIARHEI YEPIKHAU;Беларусь;BELARUSBANK;034450118456
091220;5461872749929042;36.00;35.66;0.34;16332949;Approved;09.12.2020 11:20:48;Хитрик Андрей;463903******9596;ANDREI KHITRYK;Беларусь;BPS-SBERBANK;034450118461
091220;5461872749929059;72.00;71.32;0.68;16332950;Approved;09.12.2020 11:20:57;Рязанов Александр;535104******5452;ALIAKSANDR RAZANAU;Беларусь;MINSK TRANSIT BANK;034450118462
091220;5461872749930297;72.17;71.48;0.69;16332963;PartialDelayed;09.12.2020 11:24:14;Ходанёнок Валерий;445987******6398;VALERY KHADANIONAK;Беларусь;PRIORBANK;034450118467
091220;5461872749932442;25.00;24.76;0.24;16332988;Approved;09.12.2020 11:29:43;Князев Денис;446142******3773;KNIAEV DZIANIS;Беларусь;BTA BANK;034450118470
091220;5461872749933580;36.00;35.66;0.34;16332997;Approved;09.12.2020 11:32:25;Цалко Владимир;432037******0256;ULADZIMIR TSALKA;Беларусь;BELAGROPROMBANK;034450118473
091220;5461872749935072;36.00;35.73;0.27;16333012;Approved;09.12.2020 11:36:13;БОРОВОЙ ИГОРЬ;553608******9459;IHAR BARAVY;Беларусь;BELARUSBANK;034450118476
091220;5461872749937052;36.00;35.66;0.34;16333030;Approved;09.12.2020 11:40:38;Раткевіч Оля;532658******8985;DZIYANA RATKEVICH;Беларусь;PRIORBANK;034450118479
091220;5461872749939967;68.00;67.35;0.65;16333053;Approved;09.12.2020 11:47:38;Сергеев Владимир;428621******1153;ULADZIMIR SIARHEYEU;Беларусь;BELGAZPROMBANK;034450118482
091220;5461872749940635;38.80;38.43;0.37;16333063;Approved;09.12.2020 11:49:36;Zakharych Yauheni;491698******9769;YAUHENI ZAKHARYCH;Беларусь;PRIORBANK;034450118485
091220;5461872749940874;54.00;53.49;0.51;16333067;Approved;09.12.2020 11:50:01;ПОЛУБОК АНТОН;434485******3537;ANTON PALUBOK;Беларусь;BELINVEST;034450118486
091220;5461872749943548;36.00;35.66;0.34;16333091;Approved;09.12.2020 11:56:41;Sayan Dmitry;458522******5272;DMITRY SAYAN;Беларусь;ALFA-BANK (BELARUS);034450118491
091220;5461872749948562;36.00;35.66;0.34;16333128;Approved;09.12.2020 12:09:24;Колентионок Виталий;445987******4702;VITALI KALESNTSYUONAK;Беларусь;PRIORBANK;034450118494
091220;5461872749949040;9.99;9.90;0.09;16333139;Approved;09.12.2020 12:10:40;вашкевич владислав;445987******6432;ULADZISLAU VASHKEVICH;Беларусь;PRIORBANK;034450118495
091220;5461872749949289;15.01;14.87;0.14;16333140;Approved;09.12.2020 12:11:18;Яскевич Алексей;535104******0357;ALIAKSEI YASKEVICH;Беларусь;MINSK TRANSIT BANK;034450118498
091220;5461872749949644;20.00;19.85;0.15;16333143;Approved;09.12.2020 12:12:17;Добренко Павел;547087******6366;DABRENKA PAVEL;Беларусь;BELARUSBANK;034450118501
091220;5461872749950840;29.99;29.71;0.28;16333159;Approved;09.12.2020 12:15:24;Садовский Василий;520813******1454;VASILI SADOUSKI;Беларусь;ALFA-BANK (BELARUS);034450118506
091220;5461872749957282;17.00;16.84;0.16;16333212;Approved;09.12.2020 12:31:17;прокурат алекс;548952******8398;DZMITRY PRAKURAT;Беларусь;PRIORBANK;034450118509
091220;5461872749959353;54.00;53.49;0.51;16333229;Approved;09.12.2020 12:35:15;Буторин Александр;539214******0560;ALEXANDER BUTORIN;Беларусь;ALFA-BANK (BELARUS);034450118512
091220;5461872749959676;36.00;35.66;0.34;16333233;Approved;09.12.2020 12:35:43;Gabets Aleksander;458522******5174;ALIAKSANDR HABETS;Беларусь;ALFA-BANK (BELARUS);034450118513
091220;5461872749961383;36.00;35.73;0.27;16333244;Approved;09.12.2020 12:39:28;Короваевич Андрей;553608******1239;ANDREI KARAVAYEVICH;Беларусь;BELARUSBANK;034450118518
091220;5461872749964544;42.50;42.18;0.32;16333265;PartialDelayed;09.12.2020 12:47:08;Астапович Вадим;425519******6541;VADZIM ASTAPOVICH;Беларусь;BELARUSBANK;034450118521
091220;5461872749966846;100.01;99.06;0.95;16333285;Approved;09.12.2020 12:51:59;Клапатюк Юрий;471326******4546;YURY KLAPATSIUK;Беларусь;PRIORBANK;034450118524
091220;5461872749967513;90.00;89.14;0.86;16333288;Approved;09.12.2020 12:53:13;Тт Сс;471326******6560;SIARHEI TALALAYEU;Беларусь;PRIORBANK;034450118525
091220;5461872749967976;151.47;150.03;1.44;16333291;PartialDelayed;09.12.2020 12:54:08;Jegorov Andrej;535104******5513;NATALLIA SHYBAIKA;Беларусь;MINSK TRANSIT BANK;034450118526
091220;5461872749970731;54.00;53.49;0.51;16333304;Approved;09.12.2020 13:01:12;Горбунова Ирина;464132******0213;IRINA HARBUNOVA;Беларусь;BELGAZPROMBANK;034450118533
091220;5461872749974006;9.99;9.92;0.07;16333329;Approved;09.12.2020 13:08:51;Михадюк Оксана;547087******4359;MIKHADZIUK AKSANA;Беларусь;BELARUSBANK;034450118536
091220;5461872749974808;72.00;71.32;0.68;16333340;Approved;09.12.2020 13:10:40;Врублевский Андрей;434485******2031;ANDREI VRUBLEUSKI;Беларусь;BELINVEST;034450118539
091220;5461872749975896;54.00;53.49;0.51;16333350;Approved;09.12.2020 13:12:57;Гуревич Кирилл;557885******5615;KIRYL HUREVICH;Беларусь;BELINVEST;034450118542
091220;5461872749981464;17.00;16.84;0.16;16333406;Approved;09.12.2020 13:27:00;Соловьёва Александра;434484******4725;ALIAKSANDRA SALAUYOVA;Беларусь;BELINVEST;034450118545
091220;5461872749982934;25.00;24.76;0.24;16333417;Approved;09.12.2020 13:30:12;Меркулов Андрей;445987******6336;ANDREY MERKULOV;Беларусь;PRIORBANK;034450118550
091220;5461872749983015;34.00;33.68;0.32;16333420;Approved;09.12.2020 13:30:18;Дац Дмитрий;491698******4163;DZMITRY DATS;Беларусь;PRIORBANK;034450118551
091220;5461872749985036;72.00;71.32;0.68;16333431;Approved;09.12.2020 13:34:38;Мащенко Алексей;491698******4637;ALIAKSEI MASHCHENKA;Беларусь;PRIORBANK;034450118556
091220;5461872749986653;54.00;53.49;0.51;16333451;Approved;09.12.2020 13:38:15;Щитько Виталий;437350******6734;VITAL SHYTSKO;Беларусь;ALFA-BANK (BELARUS);034450118559
091220;5461872749987024;34.00;33.68;0.32;16333457;Approved;09.12.2020 13:39:06;Ковалёв Дмитрий;520813******3814;DZMITRY KAVALIOU;Беларусь;ALFA-BANK (BELARUS);034450118560
091220;5461872749988741;40.01;39.63;0.38;16333480;Approved;09.12.2020 13:42:23;Антонович Ярослав;539214******8630;YARASLAU ANTANOVICH;Беларусь;ALFA-BANK (BELARUS);034450118568
091220;5461872749991901;54.00;53.49;0.51;16333509;Approved;09.12.2020 13:48:39;Бронштейн Олеся;434484******6403;ARTSIOM BRANSHTEIN;Беларусь;BELINVEST;034450118574
091220;5461872749991950;22.21;22.00;0.21;16333510;Approved;09.12.2020 13:48:42;матыс вадим;539214******2063;VADZIM MATYS;Беларусь;ALFA-BANK (BELARUS);034450118575
091220;5461872749992461;40.00;39.62;0.38;16333514;Approved;09.12.2020 13:49:39;Алампиев Роман;535104******8147;ROMAN ALAMPIEV;Беларусь;MINSK TRANSIT BANK;034450118576
091220;5461872749995738;54.00;53.49;0.51;16333546;Approved;09.12.2020 13:57:06;Бондаренко Александр;548952******8136;ALIAKSANDR BANDARENKA;Беларусь;PRIORBANK;034450118583
091220;5461872749995753;17.00;16.84;0.16;16333547;Approved;09.12.2020 13:57:12;Курилович Андрей;532308******6355;ANDREI KURYLOVICH;Беларусь;BELAGROPROMBANK;034450118584
091220;5461872749997221;51.00;50.52;0.48;16333556;Approved;09.12.2020 14:00:46;Гусина Семен;491698******5102;SIAMION HUSINA;Беларусь;PRIORBANK;034450118589
091220;5461872749997692;54.00;53.49;0.51;16333561;Approved;09.12.2020 14:01:52;ахатов павел;424199******7521;PAVEL AKHATOV;Беларусь;BELVNESHECONOMBANK OJSC;034450118590
091220;5461872749998534;17.00;16.87;0.13;16333575;Approved;09.12.2020 14:03:40;Лемешевская Татьяна;547087******5708;TATSIANA LEMIASHEUSKAYA;Беларусь;BELARUSBANK;034450118591
091220;5461872749999490;54.00;53.49;0.51;16333585;Approved;09.12.2020 14:05:43;Николаюк Андрей;445987******2422;ANDREI NIKALAYUK;Беларусь;PRIORBANK;034450118592
091220;5461872750004396;38.80;38.43;0.37;16333647;Approved;09.12.2020 14:15:24;Луханина Ирина;535104******6799;IRENE LUKHANINA;Беларусь;MINSK TRANSIT BANK;034450118603
091220;5461872750005096;108.00;106.97;1.03;16333658;Approved;09.12.2020 14:16:45;Щемаров Андрей;543553******4474;ANDREI SHCHEMAROU;Беларусь;BPS-SBERBANK;034450118606
091220;5461872750005807;36.00;35.73;0.27;16333670;Approved;09.12.2020 14:18:17;Степанюк Сергей;425520******4492;SIARHEI STSEPANIUK;Беларусь;BELARUSBANK;034450118609
091220;5461872750007936;72.00;71.32;0.68;16333692;Approved;09.12.2020 14:22:46;СТОЛЯРОВ АЛЕКСЕЙ;535104******8462;ALEKSEI;Беларусь;MINSK TRANSIT BANK;034450118614
091220;5461872750010328;36.00;35.66;0.34;16333714;Approved;09.12.2020 14:27:43;Лузан Дмитрий;458522******4472;DMITRY LUZAN;Беларусь;ALFA-BANK (BELARUS);034450118617
091220;5461872750011011;90.00;89.14;0.86;16333723;Approved;09.12.2020 14:29:00;Гуменюк Максим;520813******2200;MAKSIM GUMENIUK;Беларусь;ALFA-BANK (BELARUS);034450118622
091220;5461872750012233;54.00;53.59;0.41;16333740;Approved;09.12.2020 14:31:03;Хилько Сергей;424641******6786;SIARHEI KHILKO;Беларусь;BELARUSBANK;034450118623
091220;5461872750012522;36.00;35.66;0.34;16333745;Approved;09.12.2020 14:31:25;галецкии николаи;535104******4455;MIKALAI. HALETSKKI;Беларусь;MINSK TRANSIT BANK;034450118626
091220;5461872750013306;36.00;35.66;0.34;16333759;Approved;09.12.2020 14:32:48;Корчагина Наталья;445987******0469;NATALLIA KARCHAHINA;Беларусь;PRIORBANK;034450118629
091220;5461872750013801;53.12;52.62;0.50;16333766;PartialDelayed;09.12.2020 14:33:48;Журанков Антон;445987******2605;ANTON ZHURANKOU;Беларусь;PRIORBANK;034450118632
091220;5461872750015061;29.99;29.71;0.28;16333781;Approved;09.12.2020 14:35:59;макей алексей;548952******2960;ALIAKSEI MAKEI;Беларусь;PRIORBANK;034450118635
091220;5461872750016812;54.00;53.49;0.51;16333799;Approved;09.12.2020 14:39:01;Хомуляк Сергей;445987******0345;SERGII KHOMULIAK;Беларусь;PRIORBANK;034450118640
091220;5461872750018255;14.99;14.85;0.14;16333814;Approved;09.12.2020 14:41:32;дерюга алексей;548952******0385;ALIAKSEI DZIARUHA;Беларусь;PRIORBANK;034450118643
091220;5461872750018503;34.00;33.74;0.26;16333818;Approved;09.12.2020 14:42:05;кулаковский сергей;553608******8223;SIARHEI KULAKOUSKI;Беларусь;BELARUSBANK;034450118644
091220;5461872750022521;31.00;30.71;0.29;16333863;Approved;09.12.2020 14:49:59;Mitskevich Pavel;446391******5469;PAVEL MITSKEVICH;Беларусь;BELVNESHECONOMBANK OJSC;034450118649
091220;5461872750022836;51.00;50.52;0.48;16333867;Approved;09.12.2020 14:50:36;Белый Андрей;543553******1308;ANDREI BELY;Беларусь;BPS-SBERBANK;034450118650
091220;5461872750022885;82.59;81.81;0.78;16333868;PartialDelayed;09.12.2020 14:50:41;Ефремов Денис;535104******9494;DZIANIS YAFREMAU;Беларусь;MINSK TRANSIT BANK;034450118651
091220;5461872750022927;50.00;49.52;0.48;16333869;Approved;09.12.2020 14:50:50;Ничипорович Дмитрий;406127******8805;DZMITRY NICHYPAROVICH;Беларусь;ALFA-BANK;034450118652
091220;5461872750024055;72.00;71.32;0.68;16333885;Approved;09.12.2020 14:53:00;Лешкевич Владимир;535104******8560;VLADIMIR LESHKEVICH;Беларусь;MINSK TRANSIT BANK;034450118661
091220;5461872750025698;66.06;65.56;0.50;16333900;PartialDelayed;09.12.2020 14:55:58;Кабанович Дмитрий;553608******9227;DZMITRY KABANOVICH;Беларусь;BELARUSBANK;034450118664
091220;5461872750027017;17.00;16.84;0.16;16333910;Approved;09.12.2020 14:58:18;Каснерик Игорь;445452******4933;IHAR KASNERYK;Беларусь;VTB (BELARUS);034450118665
091220;5461872750028189;27.00;26.80;0.20;16333924;Approved;09.12.2020 15:00:26;Сташук Иван;553608******5073;IVAN STASHUK;Беларусь;BELARUSBANK;034450118668
091220;5461872750032017;27.00;26.74;0.26;16333966;Approved;09.12.2020 15:07:37;Башаримов Максим;491698******0942;BASHARYMAU MAKSIM;Беларусь;PRIORBANK;034450118669
091220;5461872750032488;36.00;35.66;0.34;16333968;Approved;09.12.2020 15:08:51;Тынянко Сергей;464132******0254;SIARHEI TYNIANKO;Беларусь;BELGAZPROMBANK;034450118674
091220;5461872750032868;29.99;29.77;0.22;16333973;Approved;09.12.2020 15:09:23;Проневич Сергей;547087******6423;PRANEVICH SIARHEI;Беларусь;BELARUSBANK;034450118677
091220;5461872750033064;30.60;30.31;0.29;16333977;Approved;09.12.2020 15:09:51;тимошенко виталий;445453******9627;VITALI TSIMASHENKA;Беларусь;VTB (BELARUS);034450118678
091220;5461872750033106;36.00;35.66;0.34;16333978;Approved;09.12.2020 15:09:54;ДУБОВИК ЕВГЕНИЯ;464132******1871;KARTOCHKA CASHALOT;Беларусь;BELGAZPROMBANK;034450118679
091220;5461872750033122;34.00;33.68;0.32;16333979;Approved;09.12.2020 15:09:56;Ракуть Екатерина;437350******7640;KATSIARYNA RAKUTS;Беларусь;ALFA-BANK (BELARUS);034450118680
091220;5461872750034187;36.00;35.66;0.34;16333989;Approved;09.12.2020 15:11:56;Дубовик Дмитрий;458522******8708;DZMI DUBO;Беларусь;ALFA-BANK (BELARUS);034450118691
091220;5461872750040747;36.00;35.66;0.34;16334042;Approved;09.12.2020 15:24:19;Петрусевич Игорь;557885******1018;IHAR PETRUSEVICH;Беларусь;BELINVEST;034450118694
091220;5461872750043550;19.99;19.80;0.19;16334073;Approved;09.12.2020 15:30:37;Шинкарик Николай;539214******3836;MIKALAI SHYNKARYK;Беларусь;ALFA-BANK (BELARUS);034450118697
091220;5461872750045142;24.99;24.80;0.19;16334095;Approved;09.12.2020 15:33:57;Долженков Роман;547087******7389;RAMAN DALZHENKOU;Беларусь;BELARUSBANK;034450118700
091220;5461872750049599;18.80;18.62;0.18;16334146;Approved;09.12.2020 15:42:38;Гурбанович Сергей;460257******5580;SERGEI;Беларусь;BPS-SBERBANK;034450118703
091220;5461872750049649;49.99;49.52;0.47;16334147;Approved;09.12.2020 15:42:46;ГУСЕВ АНДРЕЙ;406127******5021;ANDREI GUSEV;Беларусь;ALFA-BANK;034450118704
091220;5461872750052510;20.00;19.81;0.19;16334191;Approved;09.12.2020 15:48:45;Ярутич Владимир;532308******0451;ULADZIMIR YARUTSHICH;Беларусь;BELAGROPROMBANK;034450118709
091220;5461872750052882;50.00;49.52;0.48;16334197;Approved;09.12.2020 15:49:21;Кривенко Максим;539214******8000;MAKSIM KRYVENKA;Беларусь;ALFA-BANK (BELARUS);034450118710
091220;5461872750053567;36.00;35.66;0.34;16334202;Approved;09.12.2020 15:50:38;Мекшило Вячеслав;434485******7146;VIACHASLAU MIAKSHYLA;Беларусь;BELINVEST;034450118713
091220;5461872750055596;34.00;33.74;0.26;16334223;Approved;09.12.2020 15:54:52;Сильнов Евгений;425519******7528;EVGENY SILNOV;Беларусь;BELARUSBANK;034450118718
091220;5461872750056321;50.00;49.52;0.48;16334233;Approved;09.12.2020 15:56:20;АКУЛОВ АЛЕКСАНДР;535104******0080;AKULAU ALIAKSANDR;Беларусь;MINSK TRANSIT BANK;034450118721
091220;5461872750056594;2.09;2.07;0.02;16334238;Approved;09.12.2020 15:57:01;Ковалев Артур;535705******9558;ARTUR KAVALIOU;Беларусь;BELGAZPROMBANK;034450118722
091220;5461872750059788;14.99;14.85;0.14;16334283;Approved;09.12.2020 16:04:13;СОРОКИН ДЕНИС;417495******2274;DZIANIS SAROKIN;Беларусь;MINSK TRANSIT BANK;034450118727
091220;5461872750060562;72.00;71.32;0.68;16334290;Approved;09.12.2020 16:05:51;Nikolaev Andrey;535104******2999;ANDREY NIKOLAEV;Беларусь;MINSK TRANSIT BANK;034450118728
091220;5461872750063053;37.60;37.24;0.36;16334317;Approved;09.12.2020 16:11:22;Олейник Алексей;464132******1427;ALIAKSEI ALEINIK;Беларусь;BELGAZPROMBANK;034450118731
091220;5461872750063285;14.99;14.88;0.11;16334318;Approved;09.12.2020 16:12:03;Байков Влад;425520******3612;BAIKOV VLADISLAV;Беларусь;BELARUSBANK;034450118734
091220;5461872750064242;20.00;19.85;0.15;16334329;Approved;09.12.2020 16:14:14;Шукель Дмитрий;424641******4079;DZMITRY SHUKEL;Беларусь;BELARUSBANK;034450118739
091220;5461872750064796;85.00;84.19;0.81;16334334;Approved;09.12.2020 16:15:40;Кажуро Андрей;535104******2150;ANDREI KAZHURO;Беларусь;MINSK TRANSIT BANK;034450118742
091220;5461872750064937;54.00;53.59;0.41;16334336;Approved;09.12.2020 16:15:54;БАРМОТЬКО Максим;553608******1594;MAKSIM BARMOTSKA;Беларусь;BELARUSBANK;034450118743
091220;5461872750065256;14.99;14.85;0.14;16334338;Approved;09.12.2020 16:16:39;Воднева Людмила;491698******4186;LIUDMILA VODNEVA;Беларусь;PRIORBANK;034450118744
091220;5461872750066726;36.00;35.66;0.34;16334357;Approved;09.12.2020 16:20:17;АГЕЕВ НИКОЛАЙ;529922******3548;MIKALAI AHEYEU;Беларусь;BELGAZPROMBANK;034450118751
091220;5461872750068193;77.60;76.86;0.74;16334366;Approved;09.12.2020 16:23:39;Екимов Сергей;529922******3905;SERGEY EKIMOV;Беларусь;BELGAZPROMBANK;034450118754
091220;5461872750069282;20.00;19.81;0.19;16334374;Approved;09.12.2020 16:26:01;Рыбальченко Сергей;434484******7485;SIARHEI RYBALCHANKA;Беларусь;BELINVEST;034450118757
091220;5461872750073524;45.00;44.57;0.43;16334420;Approved;09.12.2020 16:36:15;Сидоренко Надя;491698******8384;NADZEYA SIDARENKA;Беларусь;PRIORBANK;034450118760
091220;5461872750074134;9.99;9.90;0.09;16334424;Approved;09.12.2020 16:37:45;Цыбуля Сергей;535104******0802;SIARHEI TSYBULIA;Беларусь;MINSK TRANSIT BANK;034450118761
091220;5461872750074498;126.00;124.80;1.20;16334430;Approved;09.12.2020 16:39:00;Блохин Андрей;417753******5793;ANDREI BLAKHIN;Беларусь;MINSK TRANSIT BANK;034450118766
091220;5461872750074712;54.00;53.49;0.51;16334432;Approved;09.12.2020 16:39:27;Грищенко Владимир;535104******4975;ULADZIMIR HRYSHCHANKA;Беларусь;MINSK TRANSIT BANK;034450118767
091220;5461872750074936;82.08;81.30;0.78;16334435;PartialDelayed;09.12.2020 16:40:15;Кулиев Виталий;491698******7422;KULIYEU VITALI;Беларусь;PRIORBANK;034450118768
091220;5461872750075412;20.00;19.81;0.19;16334445;Approved;09.12.2020 16:41:05;Бондаренко Вика;491698******2411;VIKTORYIA BANDARENKA;Беларусь;PRIORBANK;034450118769
091220;5461872750076881;15.01;14.87;0.14;16334463;Approved;09.12.2020 16:44:37;громыко виктор;548952******3046;VIKTAR HRAMYKA;Беларусь;PRIORBANK;034450118778
091220;5461872750077533;36.00;35.73;0.27;16334475;Approved;09.12.2020 16:46:08;Мшар Олег;553608******2579;ALEH MSHAR;Беларусь;BELARUSBANK;034450118781
091220;5461872750078382;51.00;50.62;0.38;16334483;Approved;09.12.2020 16:47:58;Kochnowicz Андрей;547087******7556;ANDREI KOCHNOWICZ;Беларусь;BELARUSBANK;034450118786
091220;5461872750078598;29.99;29.71;0.28;16334484;Approved;09.12.2020 16:48:24;Подрез Людмила;544206******2028;LIUDMILA PADREZ;Беларусь;ALFA-BANK (BELARUS);034450118787
091220;5461872750081931;17.00;16.84;0.16;16334510;Approved;09.12.2020 16:56:03;Доморад Владислав;532308******8270;ULADZISLAU DAMARAD;Беларусь;BELAGROPROMBANK;034450118792
091220;5461872750086658;18.00;17.86;0.14;16334547;Approved;09.12.2020 17:08:17;Гавриловец Николай;547087******2758;INSTANT CARD;Беларусь;BELARUSBANK;034450118795
091220;5461872750086799;90.00;89.14;0.86;16334548;Approved;09.12.2020 17:08:31;Капуза Юрий;491698******6590;YURY KAPUZA;Беларусь;PRIORBANK;034450118796
091220;5461872750092201;54.00;53.49;0.51;16334593;Approved;09.12.2020 17:21:35;Дауд Евгений;512722******0266;EVGUENY DAOUD;Беларусь;MOSCOW-MINSK BANK;034450118801
091220;5461872750092441;14.99;14.85;0.14;16334595;Approved;09.12.2020 17:22:02;Vishnevsky Anton;535104******9181;ANTON VISHNEUSKI;Беларусь;MINSK TRANSIT BANK;034450118802
091220;5461872750096780;84.91;84.10;0.81;16334631;PartialDelayed;09.12.2020 17:33:24;красько дмитрий;437458******5777;DZMITRY KRASKO;Беларусь;PRIORBANK;034450118807
091220;5461872750098703;18.00;17.83;0.17;16334651;Approved;09.12.2020 17:38:27;Подлипенко Денис;458522******2645;DZIANIS PADLIPENKA;Беларусь;ALFA-BANK (BELARUS);034450118810
091220;5461872750098836;9.99;9.90;0.09;16334655;Approved;09.12.2020 17:38:42;Шевякова Виктория;491698******6675;VIKTORIA SHEVYAKOVA;Беларусь;PRIORBANK;034450118811
091220;5461872750103289;36.00;35.66;0.34;16334700;Approved;09.12.2020 17:50:37;яковчук константин;539214******2942;KANSTANTSIN YAKAUCHUK;Беларусь;ALFA-BANK (BELARUS);034450118817
091220;5461872750103685;9.99;9.90;0.09;16334703;Approved;09.12.2020 17:51:23;Нехайчик Александр;449655******7309;ALIAKSANDR NEKHAICHYK;Беларусь;BPS-SBERBANK;034450118818
091220;5461872750105888;36.00;35.66;0.34;16334722;Approved;09.12.2020 17:57:33;Куруленко Александр;458522******1750;ALIAKSANDR KURULENKA;Беларусь;ALFA-BANK (BELARUS);034450118823
091220;5461872750108536;50.00;49.52;0.48;16334741;Approved;09.12.2020 18:04:58;самойлов вячеслав;520813******3649;ULADZIMIR SAMOILAU;Беларусь;ALFA-BANK (BELARUS);034450118826
091220;5461872750110359;39.20;38.83;0.37;16334748;Approved;09.12.2020 18:09:39;Кантончик Никита;520813******3056;MIKITA KANTONCHYK;Беларусь;ALFA-BANK (BELARUS);034450118827
091220;5461872750111910;69.34;68.68;0.66;16334758;PartialDelayed;09.12.2020 18:13:25;Волчок Анатолий;434485******7230;ANATOLI VAUCHOK;Беларусь;BELINVEST;034450118832
091220;5461872750114716;27.00;26.74;0.26;16334774;Approved;09.12.2020 18:20:39;Пралейчык Дзмітрый;520813******3936;DZMITRY PRALEICHYK;Беларусь;ALFA-BANK (BELARUS);034450118835
091220;5461872750115754;86.40;85.58;0.82;16334782;PartialDelayed;09.12.2020 18:23:38;Жестков Михаил;535104******9800;MIHAIL ZHESTKOV;Беларусь;MINSK TRANSIT BANK;034450118838
091220;5461872750115820;5.00;4.96;0.04;16334783;Approved;09.12.2020 18:23:54;Грунтов Игорь;547087******2038;IHAR GRUNTOU;Беларусь;BELARUSBANK;034450118839
091220;5461872750116349;34.00;33.68;0.32;16334786;Approved;09.12.2020 18:25:11;Скращук Владимир;463903******9283;N/A;Беларусь;BPS-SBERBANK;034450118840
091220;5461872750118337;99.00;98.26;0.74;16334804;Approved;09.12.2020 18:31:11;Розум Руслан;547087******4157;RUSLAN ROZUM;Беларусь;BELARUSBANK;034450118847
091220;5461872750126272;7.99;7.91;0.08;16334828;Approved;09.12.2020 18:54:56;Zal Dmit;514421******0945;DMITRIY ZALESIN;Беларусь;BSB BANK;034450118850
091220;5461872750126496;36.00;35.73;0.27;16334830;Approved;09.12.2020 18:55:25;Шаминко Петр;671177******6950;PETR SHAMINKA;Беларусь;BELARUSBANK;034450118851
091220;5461872750128195;54.00;53.49;0.51;16334845;Approved;09.12.2020 19:00:29;Богданович Дмитрий;535104******2707;DZMITRY BAHDANOVICH;Беларусь;MINSK TRANSIT BANK;034450118856
091220;5461872750128930;8.50;8.42;0.08;16334849;Approved;09.12.2020 19:02:24;Клакевич Олег;520813******0764;ALEH KLAKEVICH;Беларусь;ALFA-BANK (BELARUS);034450118857
091220;5461872750131736;36.00;35.66;0.34;16334866;Approved;09.12.2020 19:11:11;Цветков Виталий;437350******4749;VITAL TSVETKOV;Беларусь;ALFA-BANK (BELARUS);034450118862
091220;5461872750133815;54.00;53.49;0.51;16334887;Approved;09.12.2020 19:18:10;Бойдаков Николай;543553******0402;NICKOLAY BOIDAKOV;Беларусь;BPS-SBERBANK;034450118865
091220;5461872750134037;116.40;115.29;1.11;16334889;Approved;09.12.2020 19:19:05;pavel pavel;547532******6710;PAVEL NALIVAIKA;Беларусь;ALFA-BANK (BELARUS);034450118866
091220;5461872750141057;36.00;35.73;0.27;16334933;Approved;09.12.2020 19:43:40;Дедовец Юрий;553608******5092;YURI DZEDAVETS;Беларусь;BELARUSBANK;034450118871
091220;5461872750148359;77.40;76.66;0.74;16334964;Approved;09.12.2020 20:17:11;Ржеутский Антон;445987******1048;KATSIARYNA ILYICHOVA;Беларусь;PRIORBANK;034450118874
091220;5461872750149563;43.01;42.60;0.41;16334967;Approved;09.12.2020 20:24:13;Karmyzau Yauhen;535104******3176;YAUHEN KARMYZAU;Беларусь;MINSK TRANSIT BANK;034450118877
