дата операции;номер заказа в Assist;сумма платежа;сумма платежа за вычетом комиссии банка-эквайра (BYN);комиссия банка-эквайра (BYN);OrderNumber;OrderState;OrderDate;CustomerName;MeanNumber;CardHolder;BankCountry;Bank;RRN
100720;5461872641864149;3.81;3.78;0.03;189803;PartialCanceled;10.07.2020 10:27:40;Тма Лмп;547087******3051;HG HG;Беларусь;BELARUSBANK;019250110004
100720;5461872642202513;1.18;1.17;0.01;189889;Canceled;10.07.2020 17:28:32;ЕВГЕНИЙ ЕРМАКОВИЧ;434484******2764;YERMAK ALEX;Беларусь;BELINVEST;019250110023
100720;5461872642205508;4.37;4.33;0.04;189892;Canceled;10.07.2020 17:32:14;ЕВГЕНИЙ ЕРМАКОВИЧ;434484******2764;YERMAK ALEX;Беларусь;BELINVEST;019250060022
100720;5461872642206134;9.69;9.62;0.07;189893;PartialCanceled;10.07.2020 17:33:15;Тма Лмп;547087******3051;GUVF TY;Беларусь;BELARUSBANK;019250090015
100720;5461872642207827;16.67;16.51;0.16;189894;Canceled;10.07.2020 17:35:31;ЕВГЕНИЙ ЕРМАКОВИЧ;434484******2764;YERMAK ALEX;Беларусь;BELINVEST;019250110024
